[{"state": "Alabama", "cities": ["Atmore", "Birmingham", "Blount County", "Boaz", "Brewton", "Calera", "Carbon Hill", "Centre", "Cullman", "Cullman County", "Decatur", "Enterprise", "Geneva", "Grand Bay", "Guntersville", "Highland Home", "Homewood", "Huntsville", "Jasper", "Leeds", "Livingston", "Marion", "McCalla", "Mobile", "Montgomery", "Munford", "Opelika", "Opp", "Oxford", "Pell City", "Roebuck", "Russellville", "Selma", "Theodore", "Tuscaloosa", "Tuskegee"]}, {"state": "Alaska", "cities": ["Ambler", "Anchorage", "Anderson", "Aniak", "Bethel", "Eagle River", "Fairbanks", "False Pass", "Foxhole", "Homer", "Juneau", "Kenai", "Ketchikan", "Kodiak", "Nenana", "North Pole", "Northway", "Palmer", "Pelican", "Skagway", "Soldotna", "St. Michael", "St. Paul", "Sterling", "Talkeetna", "Tok"]}, {"state": "Arizona", "cities": ["Arivaca", "Catalina", "Chandler", "Congress", "Eloy", "Gilbert", "Kayenta", "Kingman", "Lake Havasu City", "Lakeside", "Lukeville", "Mesa", "Nogales", "Paradise Valley", "Peoria", "Phoenix", "Pima County", "Quartzite", "Scottsdale", "Sun City", "Tempe", "Tucson", "Wellton", "Williams", "Yuma"]}, {"state": "Arkansas", "cities": ["Alexander", "Arkadelphia", "Batesville", "Bentonville", "Camden", "Clarksville", "Clinton", "Crossett", "El Dorado", "Eureka Springs", "Evening Shade", "Fayetteville", "Fort Smith", "Greer's Ferry", "Heber Springs", "Holly Springs", "Hope", "Hot Springs", "Jonesboro", "Little Rock", "Marked Tree", "Mount Judea", "North Little Rock", "Oak Grove", "Ozark", "Pea Ridge", "Pearcy", "Pine Bluff", "Plainview", "Pocahontas", "Rogers", "Searcy", "Siloam Springs", "Springdale", "Thornburg", "Warren", "Wynne", "Yell County"]}, {"state": "California", "cities": ["Agoura Hills", "Alameda", "Alameda County", "Albion", "Alhambra", "Alta", "Altadena", "Amador County", "Anaheim", "Angels Camp", "Antioch", "Apple Valley", "Arcadia", "Arcata", "Arroyo Grande", "Arvin", "Atascadero", "Atwater", "Auburn", "Avalon", "Azusa", "Bakersfield", "Barstow", "Bay Point", "Bell", "Bell Gardens", "Bellflower", "Belmont", "Belvedere", "Benicia", "Berkeley", "Beverly Hills", "Big Bear", "Bishop", "Bonita", "Boulder Creek", "Brawley", "Brea", "Brentwood", "Broadmoor", "Buena Park", "Burbank", "Burlingame", "Butte County", "Calexico", "Camarillo/Oxnard", "Campbell", "Camptonville", "Canyon Country", "Canyon County", "Capitola", "Cardiff", "Carmel", "Carmel Valley", "Carmichael", "Carpinteria", "Carson", "Castaic", "Catalina Island", "Cathedral City", "Ceres", "Chatsworth", "Chico", "Chino", "Chula Vista", "Citrus Heights", "Clear Lake", "Clio", "Coalinga", "Coarsegold", "Cohasset", "Colfax", "Concord", "Contra Cosa", "Contra Costa County", "Corning", "Corona", "Costa Mesa", "Cotati", "Covelo", "Culver City", "Cypress", "Daly City", "Dana Point", "Death Valley", "Del Norte County", "Desert Shores", "Diamond Bar", "Dixon", "Dobbins", "Dos Palos", "Downey", "Downieville", "Duarte", "Dunsmuir", "East Los Angeles", "East Palo Alto", "El Cajon", "El Centro", "El Cerrito", "El Dorado County", "El Dorado Hills", "El Monte", "El Toro", "Elk Grove", "Emigrant Gap", "Escondido", "Eureka", "Fairfield", "Farmersville", "Fillmore", "Fontana", "Forest Knolls", "Foresthill", "Fort Bragg", "Fort Jones", "Fort Ord", "Foster City", "Fountain Valley", "Fremont", "Fresno", "Fresno County", "Fullerton", "Galt", "Garden Grove", "Gardena", "Glendale", "Glendora", "Gonzales", "Granite Bay", "Grass Valley", "Guerneville", "Half Moon Bay", "Hawaiian Gardens", "Hawthorne", "Hayward", "Helendale", "Hemet", "Hesperia", "Highland", "Hollywood", "Honeydew", "Humboldt County", "Humbolt County", "Huntington Beach", "Huntington Park", "Imperial Beach", "Imperial County", "Indio Hills", "Inglewood", "Inverness Park", "Inyo County", "Irvine", "Jamestown", "Kern", "Kern County", "King City", "Klamath", "Knights Landing", "La Habra", "La Puente", "Lafayette", "Laguna Beach", "Laguna Niguel", "Lake County", "Lake Hughes", "Lake Tahoe", "Lakeport", "Lakewood", "Lancaster", "Lawndale", "Laytonville", "Lemoore", "Linda", "Linden", "Littlerock", "Live Oak", "Livermore", "Livingston", "Lomita", "Lompoc", "Long Beach", "Los Alamitos", "Los Angeles", "Los Angeles County", "Los Banos", "Los Gatos", "Los Padres National Forest", "Lucerne", "Lynwood", "Madera County", "Magalia", "Malibu", "Marin County", "Marina", "Marina Del Rey", "Mariposa County", "Martinez", "Marysville", "McCloud", "Mendocino County", "Mendota", "Menlo Park", "Mentone", "Merced", "Middletown", "Midpines", "Milpitas", "Modesto", "Mojave", "Montclair", "Montebello", "Monterey", "Monterey County", "Monterey Park", "Moreno Valley", "Morongo Valley", "Morro Bay", "Mount Shasta", "Mountain View", "Muscoy", "Napa", "Needles", "Nevada City", "Newbury Park", "Newcastle", "Newman", "Newport Beach", "Nipomo", "North Hollywood", "North Lake Tahoe", "North San Juan", "Norwalk", "Novato", "Oakland", "Oakley", "Oasis", "Ocean Beach", "Oceanside", "Ontario", "Orange", "Orange County", "Oroville", "Oxnard", "Pacifica", "Palm Springs", "Palmdale", "Palo Alto", "Paradise", "Paramount", "Parlier", "Pasadena", "Pauma Valley", "Perris", "Petaluma", "Phelan", "Pinole", "Pittsburg", "Placentia", "Placer County", "Placerville", "Pleasanton", "Plumas County", "Pomona", "Porterville", "Poway", "Ramona", "Rancho", "Rancho Cordova", "Rancho Palos Verdes", "Red Bluff", "Redding", "Redlands", "Redondo Beach", "Redway", "Redwood City", "Reedley", "Reseda", "Rialto", "Richmond", "Ripley", "Riverside", "Riverside County", "Rocklin", "Rohnert Park", "Roseville", "Rowland Heights", "Running Springs", "Sacramento", "Sacramento County", "Salinas", "San Anselmo", "San Bernadino County", "San Bernardino", "San Bernardino County", "San Bruno", "San Diego", "San Diego County", "San Dimas", "San Fernando", "San Francisco", "San Joaquin County", "San Jose", "San Juan Capistrano", "San Leandro", "San Lorenzo", "San Luis Obispo", "San Marcos", "San Marino", "San Mateo", "San Mateo County", "San Pablo", "San Rafael", "San Ysidro", "Santa Ana", "Santa Barbara", "Santa Barbara County", "Santa Clara", "Santa Clara County", "Santa Cruz", "Santa Cruz County", "Santa Maria", "Santa Monica", "Santa Paula", "Santa Rosa", "Santee", "Sausalito", "Scotts Valley", "Seaside", "Selma", "Sequoia National Park", "Shafter", "Shasta County", "Sheridan", "Sherman Oaks", "Simi Valley", "Siskiyou County", "Solana Beach", "Solano County", "Somerset", "Sonoma", "Sonoma County", "South Gate", "South Lake Tahoe", "South Pasadena", "Spring Valley", "Spyrock", "Staunton", "Stinson Beach", "Stirling City", "Stockton", "Studio City", "Sunnyvale", "Sylmar", "Tarzana", "Tehachapi", "Temecula", "Thousand Palms", "Tiburon", "Torrance", "Trinity County", "Tulare", "Tulare County", "Tuolumne County", "Turlock", "Tustin", "Ukiah", "Union City", "Upland", "Vacaville", "Vallejo", "Van Nuys", "Venice", "Ventura", "Ventura County", "Vernon", "Walnut Creek", "Walnut Grove", "Warner Springs", "Waterford", "Watsonville", "Weaverville", "West Covina", "West Hills", "West Hollywood", "West Sacramento", "Westley", "Westminster", "White Water", "Whittier", "Winton", "Woodland", "Woodland Hills", "Yosemite National Park", "Yuba City", "Yuba County", "from San Diego", "the San Fernando Valley"]}, {"state": "Colorado", "cities": ["Archuleta County", "Aurora", "Boulder", "Cedaredge", "Colorado City", "Colorado Springs", "Craig", "Denver", "Englewood", "Frisco", "Georgetown", "Glenwood Springs", "Golden", "Grand County", "Grand Junction", "Greeley", "Gunnison", "Idaho Springs", "Littleton", "Montrose", "Monument", "Nucla", "Parachute", "Parker", "Poudre Park", "Pueblo", "Rocky Ford", "Salida", "Silver Plume", "Thornton", "Vail", "Westminster"]}, {"state": "Connecticut", "cities": ["Bridgeport", "Bristol", "Danbury", "East Harford", "Enfield", "Glastonbury", "Hartford", "Litchfield", "Manchester", "Mansfield", "Marlborough", "Milford", "Mystic", "New Britain", "Norfolk", "Norwich", "Old Saybrook", "Salisbury", "Stamford", "Stonington", "Waterbury", "Waterford", "West Hartford"]}, {"state": "Delaware", "cities": ["Bear", "Claymont", "Dagsboro", "Felton", "Frederica", "Georgetown", "Houston", "Lewes", "New Castle", "Newark", "Rehoboth Beach", "Seaford", "Selbyville", "Sussex County", "Wilmington", "Wyoming"]}, {"state": "Florida", "cities": ["Altamonte Springs", "Altoona", "Apopka", "Arcadia", "Atlantic Beach", "Auburndale", "Baker County", "Bartow", "Bay Harbor", "Bayou George", "Belle Glade", "Big Pine Key", "Boca Raton", "Bonita Springs", "Boynton Beach", "Bradenton", "Brooksville", "Broward County", "Callahan", "Campbellton", "Cape Coral", "Casselberry", "Chipley", "Citra", "Citrus County", "Citrus Springs", "Clay County", "Clearwater", "Collier County", "Columbia County", "Coral Gables", "Coral Springs", "Crystal River", "Davie", "Daytona Beach", "Deltona", "Dunedin", "Dunnellon", "Eagle Lake", "Edgewater", "Escambia County", "Flager Beach", "Florahome", "Fort Lauderdale", "Fort Meade", "Fort Myers", "Fort Pierce", "Fort Walton Beach", "Freeport", "Gainesville", "Greenacres City", "Gulf Breeze", "Haines City", "Hallandale", "Hernando Beach", "Hialeah", "Hialeah Gardens", "Highland City", "Holiday", "Hollywood", "Homestead", "Hudson", "Immokalee", "Jacksonville", "Jacksonville Beach", "Jacksonville County", "Jay", "Jensen Beach", "Jupiter", "Key Largo", "Key West", "Kissimmee", "Lake Butler", "Lake City", "Lake Park", "Lake Wales", "Lake Worth", "Lakeland", "Land O'Lakes", "Lantana", "Largo", "Lauderdale Lakes", "Lee County", "Leon County", "Live Oak", "Longwood", "Loxahatchee", "Madeira Beach", "Malabar", "Marathon", "Marco Island", "Melbourne", "Melrose", "Miami", "Miami Beach", "Miami Gardens", "Miami Shores", "Miami Springs", "Miramar", "Monroe County", "Mount Dora", "Naples", "New Port Richey", "New Smyrna Beach", "North Fort Myers", "North Miami", "North Miami Beach", "Ocala", "Ocoee", "Odessa", "Okaloosa County", "Okeechobee", "Old Town", "Orange", "Orange County", "Orlando", "Ormond Beach", "Pace", "Palm Bay", "Palm Beach", "Palm Beach County", "Palm Beach Gardens", "Palm Harbor", "Panama City", "Pembroke Pines", "Pensacola", "Perry", "Pinellas Park", "Plant City", "Plantation", "Polk City", "Polk County", "Pomona Park", "Ponce de Leon", "Port Richey", "Port St. Lucie", "Quincy", "Riverview", "Riviera Beach", "Rockledge", "Sanford", "Sarasota", "Sarasota County", "Satellite Beach", "Sebring", "Seminole", "Singer Island", "South Bay", "Spring Hill", "St. Augustine", "St. Cloud", "St. Petersburg", "Starke", "Stuart", "Tallahassee", "Tampa", "Tarpon Springs", "Titusville", "Treasure Island", "Valrico", "Vernon", "Vero Beach", "West Melbourne", "West Palm Beach", "Winter Garden", "Winter Haven", "Zephyrhills"]}, {"state": "Georgia", "cities": ["Acworth", "Atlanta", "Augusta", "Austell", "Brunswick", "Carrolton", "Cartersville", "Catersville", "Chamblee", "Cobb County", "Colquitt", "Columbus", "Cumming", "Dallas", "DeKalb County", "Decatur", "Dublin", "East Point", "Forest Park", "Forsyth County", "Fulton County", "Gainesville", "Griffin", "Gwinnett County", "Jesup", "Johns Creek", "Lamar County", "Lithonia", "Louisville", "Lumpkin County", "Macon", "Madison", "Marietta", "McIntosh County", "Midway", "Morrow", "Norcross", "Pembroke", "Richmond County", "Rincon", "Riverdale", "Rockdale County", "Savannah", "Smyrna", "Social Circle", "Stockbridge", "Stone Mountain", "Thomasville", "Tunnel Hill", "Union City", "Waycross"]}, {"state": "Hawaii", "cities": ["Aiea", "Anahola", "Haiku", "Hawaiian Paradise Park", "Hilo", "Honolulu", "Kahoolawe", "Kailua", "Kailua-Kona", "Kalaheo", "Kane'ohe", "Kauai", "Keaau", "Kealakekua", "Koloa", "Lahaina", "Lihue", "Maui", "Moloa'a", "Napili-Honokowai", "O'ahu", "Oahu", "Pahoa", "Paukaa", "Pearl Harbor", "Pohoa", "Poipu", "Puna", "Waianae", "Wailua", "Waipahu"]}, {"state": "Idaho", "cities": ["Ada County", "Benewah County", "Blaine County", "Boise", "Bonner County", "Bonneville County", "Cassia County", "Coeur d'Alene", "Emmett", "Garden Valley", "Hayden", "Idaho County", "Jerome", "Lewiston", "Nampa", "Nez Perce County", "Owyhee County", "Post Falls", "Sandpoint", "Twin Falls"]}, {"state": "Illinois", "cities": ["Alton", "Aurora", "Belleville", "Berwyn", "Bethalto", "Bolingbrook", "Broadview", "Buffalo Grove", "Carpentersville", "Cary", "Champaign", "Chicago", "Collinsville", "Downers Grove", "Glendale Heights", "Glenwood", "Granite City", "Grayslake", "Gurnee", "Hopkins Park", "Joliet", "Lyons", "Mendota", "Moline", "Murphysboro", "Niles", "Oak Park", "Orland Park", "Park Forest", "Pekin", "Peoria", "Rantoul", "Rockford", "Schaumburg", "Shorewood", "South Holland", "St. Anne", "Urbana-Champaign", "Yorkville"]}, {"state": "Indiana", "cities": ["Anderson", "Bloomfield", "Bloomington", "Bristow", "Clarksville", "Connersville", "Covington", "Evansville", "Fort Wayne", "Gary", "Gibson County", "Greenfield", "Greenwood", "Howard County", "Indiana Dunes State Park", "Indianapolis", "LaGrange", "Lafayette", "Madison", "Marion County", "Michigan City", "Portage", "Portland", "South Bend", "Terre Haute", "Thorntown", "Washington"]}, {"state": "Iowa", "cities": ["Adel", "Ames", "Burlington", "Carter Lake", "Cedar Falls", "Cedar Rapids", "Centerville", "Clearfield", "Council Bluffs", "Davenport", "Des Moines", "Fort Dodge", "Harrison County", "Le Claire", "Marengo", "Marshalltown", "Mason City", "Mount Pleasant", "North English", "Norwalk", "Orange City", "Ottumwa", "Sioux City", "Waterloo", "West Des Moines"]}, {"state": "Kansas", "cities": ["Atchison", "Atchison County", "Dodge City", "El Dorado", "Fort Riley", "Hays", "Kansas City", "Manhattan", "Overland Park", "Pittsburg", "Salina", "Trego County", "Wichita", "Winfield"]}, {"state": "Kentucky", "cities": ["Ashland", "Barbourville", "Bear Branch", "Bonnieville", "Bowling Green", "Casey County", "Coal Run", "Corbin", "Covington", "Drakesboro", "Dwarf", "Elizabethtown", "Elkton", "Franklin County", "Grant's Lick", "Gravel Switch", "Greensburg", "Greenville", "Habit", "Harlan County", "Hopkins", "Hopkinsville", "Johnson County", "Langley", "Laurel County", "Leslie County", "Lexington", "Littcarr", "London", "Louisville", "Martin", "Middlesboro", "Murray", "Newport", "Owensboro", "Paducah", "Pikeville", "Pippa Passes", "Prospect", "Radcliff", "Rowan County", "Scottsville", "Sharpsburg", "Somerset", "Turkey Creek", "Uniontown", "Vanceburg", "Vicco", "Visalia", "White Plains", "Winchester"]}, {"state": "Louisiana", "cities": ["Abita Springs", "Armistead", "Avondale", "Bastrop", "Baton Rouge", "Benton", "Bossier City", "Bossier Parish", "Calcasieu Parish", "Calhoun", "Castor", "Chalmette", "Coushatta", "East Baton Rouge", "Folsom", "Grand Isle", "Gretna", "Hammond", "Harvey", "Houma", "Iberville", "Jefferson", "Jefferson Parish", "Jonesville", "Kenner", "Lake Charles", "Leesville", "Livingston Parish", "Mansfield", "Marrero", "Merryville", "Metairie", "Mooringsport", "Natchitoches", "New Orleans", "Newellton", "Oil City", "Opelousas", "Pierre Part", "Pineville", "Provencal", "Ramah", "Rayne", "Ruston", "Shreveport", "Sibley", "Slidell", "St. Francisville", "St. Rose", "Tallulah", "Tensas Parish", "Thibodaux", "Tullos", "Vidalia", "Vinton", "Vivian", "Waggaman", "Washington", "Zachary", "near Laplace"]}, {"state": "Maine", "cities": ["Bangor", "Chain Of Ponds", "Livermore Falls", "Portland", "Presque Isle", "Sanford", "Tenants Harbor", "Waterville"]}, {"state": "Maryland", "cities": ["Annapolis", "Anne Arundel County", "Baltimore", "Baltimore County", "Bethesda", "Bowie", "Brentwood", "Capitol Heights", "Catonsville", "Clinton", "College Park", "Croom", "Dundalk", "Easton", "Elkton", "Fort Washington", "Frederick", "Glen Burnie", "Halethorpe", "Havre de Grace", "Hyattsville", "Kentmore Park", "Laurel", "Montgomery", "Montgomery Village", "Ocean City", "Pasadena", "Port Republic", "Princess Anne", "Reisterstown", "Rosedale", "Salisbury", "Severn", "Severna Park", "Somerset", "Towson", "Waldorf", "Wheaton"]}, {"state": "Massachusetts", "cities": ["Belchertown", "Belmont", "Boston", "Braintree", "Brockton", "Brookline", "Cape Cod", "Chelmsford", "Erving", "Florida", "Hanson", "Hardwick", "Holyoke", "Ipswich", "Leominster", "Lowell", "Lynn", "Mattapan", "Methuen", "Nantucket", "New Bedford", "Newton", "Plymouth", "Quincy", "Revere", "Rockport", "Sherborn", "Southbridge", "Springfield", "West Springfield", "Westfield", "Woburn", "Worcester"]}, {"state": "Michigan", "cities": ["Allegan", "AuSable Township", "Auburn Hills", "Bad Axe", "Barryton", "Bath Township", "Battle Creek", "Boyne Valley Township", "Brighton", "Canton", "Cedar Springs", "Colon", "Dearborn", "Dearborn Heights", "Detroit", "Fennville", "Ferndale", "Flint", "Garden City", "Grand Rapids", "Grayling", "Hazel Park", "Houghton County", "Howard City", "Hubbardston", "Iron River", "Jackson", "Kalamazoo", "Lake Leelanau", "Lake Odessa", "Lansing", "Mason", "Mattawan", "Mount Clemens", "Mount Pleasant", "Munising Township", "Ossineke", "Paradise", "Paw Paw", "Pinnconning", "Powell Township", "Romeo", "Romulus", "Royal Oak", "Saginaw", "Saint Clair Shores", "Sault Sainte Marie", "St. Ignace", "Taylor", "Traverse City", "Trenton", "Trout Lake Township", "Troy", "Turner", "Warren", "Wayne", "West Olive", "Worth Township", "Ypsilanti"]}, {"state": "Minnesota", "cities": ["Aitkin", "Alexandria", "Bloomington", "Brainerd", "Brooklyn Park", "Collegeville", "Duluth", "Falcon Heights", "Grand Rapids", "Hallock", "Hinckley", "Hubbard County", "Inver Grove Heights", "Maplewood", "Milaca", "Minneapolis", "Minneapolis/St. Paul", "New London", "Owatonna", "Pine City", "Rochester", "Saint Cloud", "St. Cloud", "St. Louis Park", "St. Paul", "Sunburg", "Two Harbors", "Virginia", "Wabasha", "White Bear Lake"]}, {"state": "Mississippi", "cities": ["Batesville", "Bay St. Louis", "Belmont", "Biloxi", "Bovina", "Byhalia", "Columbus", "Diamondhead", "Fulton", "Gulfport", "Hattiesburg", "Hernando", "Holly Bluff", "Houston", "Iuka", "Jackson", "Jonestown", "Laurel", "Long Beach", "Monroe County", "Natchez", "Nicholson", "Ocean Springs", "Okolona", "Olive Branch", "Pascagoula", "Picayune", "Pontotoc", "Pontotoc County", "Poplarville", "Richton", "Scott County", "Sidon", "Starkville", "Tishomingo", "Woodville", "Yazoo City"]}, {"state": "Missouri", "cities": ["Ballwin", "Barnett", "Bellefontaine Neighbors", "Belton", "Berryman", "Bethany", "Bourbon", "Butler", "Cape Girardeau", "Cassville", "Centerville", "Chadwick", "Clayton", "Columbia", "Crystal City", "Dent County", "Farmington", "Fenton", "Grandview", "Greenville", "Hannibal", "Hazelwood", "High Ridge", "Hillsboro", "Independence", "Jackson", "Jefferson County", "Jennings", "Joplin", "Kansas City", "Lathrop", "Lee's Summit", "Linneus", "Marshall", "Moberly", "Moline Acres", "Monroe City", "Mountain Grove", "Neosho", "Nevada", "Northwoods", "Pacific", "Pemiscot County", "Pine Lawn", "Poplar Bluff", "Potosi", "Russellville", "Saint Louis", "Sedalia", "Skidmore", "Springfield", "St. Clair", "St. Louis", "Stanberry", "Sullivan", "University City", "Verona", "Versailles", "Washington", "Willow Springs", "Zalma"]}, {"state": "Montana", "cities": ["Anaconda", "Big Horn County", "Billings", "Butte", "Butte-Silver Bow County", "Clancy", "Corvallis", "Gardiner", "Granite County", "Helena", "Kalispell", "Lewistown", "Livingston", "Lockwood", "Mineral County", "Missoula", "Missoula County", "Poplar", "Roosevelt County", "Stillwater County", "Thompson Falls"]}, {"state": "Nebraska", "cities": ["Bennington", "Clay County", "Fremont", "Gering", "Gothenburg", "Lexington", "Lincoln", "Omaha", "Papillion", "Papillon", "Plattsmouth"]}, {"state": "Nevada", "cities": ["Dayton", "Douglas County", "Ely", "Hawthorne", "Henderson", "Las Vegas", "Laughlin", "North Las Vegas", "Reno", "Washoe County", "from Reno"]}, {"state": "New Hampshire", "cities": ["Concord", "Cornish", "Exeter", "Greenfield", "Keene", "Manchester", "Plymouth", "Salem", "Seabrook", "Swanzey"]}, {"state": "New Jersey", "cities": ["Atlantic City", "Bayonne", "Berkeley Township", "Bordentown Township", "Brick", "Bridgeton", "Brigdewater", "Camden", "Camden City", "Cape May County", "Dover", "East Orange", "East Windsor", "Eatontown", "Englewood Cliffs", "Glassboro", "Hackensack", "Hackettstown", "Hammonton", "Jersey City", "Kearny", "Lakewood Township", "Linden", "Medford", "Monmouth Junction", "Morristown", "Mount Laurel", "New Lisbon", "Newark", "North Brunswick", "North Wildwood", "Nutley", "Ocean City", "Paterson", "Pequannock", "Plainfield", "Plainsboro", "Pompton Lakes", "Princeton Township", "Rahway", "South Orange", "Trenton", "Union City", "Upper Township", "Vineland", "West New York", "West Orange", "West Windsor Township", "Westampton Township", "Willingboro", "Winslow Township", "Woodbridge"]}, {"state": "New Mexico", "cities": ["Alamogordo", "Albuquerque", "Belen", "Bloomfield", "Carlsbad", "Chacon", "Dixon", "Espanola", "Gamerco", "Grants", "Jemez Pueblo", "Las Cruces", "Las Vegas", "Magdalena", "Milan", "Pecos", "Roswell", "Ruidoso Downs", "Santa Fe", "Shiprock", "Silver City"]}, {"state": "New York", "cities": ["Albany", "Alexandria Bay", "Amsterdam", "Babylon", "Baldwin", "Bath", "Bay Shore", "Binghamton", "Brentwood", "Brooklyn", "Buffalo", "Cayuga County", "Colchester", "Connelly", "Cortlandt", "Cortlandt Manor", "Deer Park", "Dobbs Ferry", "East Meadow", "Eastport", "Elmira Heights", "Fallsburg", "Franklin Square", "Galway", "Glens Falls", "Glenville", "Grahamsville", "Grand Island", "Greenwich", "Hamlin Beach State Park", "Haverstraw", "Highland Falls", "Indian Lake", "Irondequoit", "Jamestown", "Kingston", "Knox", "Lackawanna", "Lake Placid", "Lakewood", "Lockport", "Long Island", "Lowville", "Lynbrook", "Mamaroneck", "Manchester", "Manhattan", "Middleburgh", "Monsey", "Narrowsburg", "Nassau County", "New York", "New York City", "Newburgh", "North Amityville", "Nyack", "Oakdale", "Olean", "Peekskill", "Plattsburgh", "Poughkeepsie", "Queens", "Rochester", "Rome", "Schenectady", "Schuyler Falls", "Scotia", "South Huntington", "Staten Island", "Sugar Loaf", "Syracuse", "Trumansburg", "Utica", "Victor", "Warwick", "Watertown", "Watervliet", "Waverly", "West Islip", "West Seneca", "West Sparta", "Westbury", "White Plains", "Wyoming County", "Yonkers", "the Bronx"]}, {"state": "North Carolina", "cities": ["Apex", "Asheville", "Atlantic Beach", "Bassemer City", "Biscoe", "Bladensburg", "Brevard", "Brunswick County", "Camden", "Camp Lejeune", "Carolina Beach", "Chandler", "Chapel Hill", "Charleston", "Charlotte", "Charlotte-Mecklenberg", "Charlotte-Mecklenburg", "Cherokee", "Claremont", "Creedmoor", "Dunn", "Eagle Springs", "Fayetteville", "Florence", "Fort Bragg", "Gastonia", "Goldsboro", "Greensboro", "Greenville", "Guilford County", "Hickory", "High Point", "Hope Mills", "Kenansville", "Kinston", "Kitty Hawk", "La Grange", "Leland", "Lexington", "Lincolnton", "Lumberton", "Maxton", "Mecklenburg County", "Middlesex", "Milton", "Morganton", "Mount Olive", "New Bern", "North Wilkesboro", "Ocean Isle Beach", "Oregon Inlet", "Pink Hill", "Pitt County", "Raeford", "Raleigh", "Red Springs", "Rich Square", "Rocky Mount", "Ruffin", "Sanford", "Shelby", "Statesville", "Sumter", "Surf City", "Surry County", "Swannanoa", "Tarboro", "Wagram", "Wake County", "Washington", "Wilkesboro", "Wilmington", "Wilson", "Winston Salem", "Winston-Salem", "Woodland"]}, {"state": "North Dakota", "cities": ["Fargo", "Kief", "Williston"]}, {"state": "Ohio", "cities": ["Akron", "Ashville", "Blanchester", "Brookville", "Brown Township", "Cambridge", "Carlisle", "Cincinnati", "Cleveland", "Columbus", "Cortland", "Dayton", "Delaware", "Eastlake", "Elyria", "Fairview Park", "Girard", "Grandview Heights", "Greenfield", "Hamilton", "Hubbard", "Jackson", "Jefferson Township", "Kent", "Lakewood", "Lima", "Logan", "Maple Heights", "Medina", "Milan", "Milford", "Niles", "Orrville", "Oxford", "Piqua", "Scottown", "Sparta", "Springfield Township", "Swanton", "Tiffin", "Toledo", "Warren", "Westerville", "Whitehall", "Willoughby", "Willoughby Hills", "Youngstown"]}, {"state": "Oklahoma", "cities": ["Ardmore", "Bixby", "Blaine County", "Bokoshe", "Broken Bow", "Bryan County", "Choctaw", "Cordell", "Duncan", "Grove", "Harrah", "Hartshorne", "Haskell", "Lawton", "McAlester", "Moore", "Norman", "Oklahoma City", "Pauls Valley", "Prue", "Purcell", "Ringling", "Sallisaw", "Strong City", "Tahlequah", "Talihina", "Tulsa", "Vinita", "Welch", "Westville", "Woodward"]}, {"state": "Oregon", "cities": ["Albany", "Ashland", "Azalea", "Beaverton", "Brookings", "Cape Blanco", "Cave Junction", "Clackamas County", "Coos Bay", "Cornelius", "Corvallis", "Depoe Bay", "Detroit", "Devils Lake Trailhead", "Estacada", "Eugene", "Florence", "Gold Beach", "Gold Hill", "Grants Pass", "Gresham", "Hood River", "La Grande", "Lincoln City", "Lowell", "McMinnville", "Medford", "Myrtle Creek", "Oakland", "Pleasant Hill", "Portland", "Prineville", "Prospect", "Redmond", "Reedsport", "Roseburg", "Salem", "Seaside", "Shady Cove", "Silver Creek Falls", "Springfield", "Sunriver", "Sweet Home", "Toledo", "Warrenton", "Welches", "West Linn", "Wilsonville", "Winston"]}, {"state": "Pennsylvania", "cities": ["Aldan", "Allentown", "Altoona", "Armstrong County", "Arnold", "Bellefonte", "Bensalem Township", "Blythe Township", "Boothwyn", "Bryn Mawr", "Carlisle", "Chester", "Claysburg", "Coatesville", "Coopersburg", "Delaware Township", "Dickson City", "DuBois", "East Norriton Township", "East Stroudsburg", "Emporium Borough", "Erie", "Etna Borough", "Folsom", "Fountain Hill", "Gaines", "Galeton", "Germansville", "Glenolden", "Grove City", "Harrisburg", "Jenkins Township", "Juniata County", "La Plume", "Levittown", "Marienville", "McKees Rocks", "Mount Pleasant Township", "Philadelphia", "Pittsburgh", "Pleasantville", "Plymouth Township", "Polk Township", "Quakertown", "Reading", "Ridley Park", "Riverside", "Robertsdale", "Robinson Township", "Ross Township", "Scottdale", "Scranton", "Secane", "Spring City", "Springfield", "St. Marys", "Stroud Township", "Swissvale", "Sykesville", "Towanda", "Tyrone", "Upper Darby", "Upper Merion Township", "Upper Providence Township", "Vandergrift", "Venango Township", "Warrington", "Washington", "Waynesburg", "West Finley Township", "West Mifflin", "West Willow", "Westmoreland County", "Westover"]}, {"state": "Rhode Island", "cities": ["Johnston", "Narragansett", "Westerly", "Woonsocket"]}, {"state": "South Carolina", "cities": ["Allendale", "Anderson", "Andrews", "Antioch", "Aynor", "Beech Island", "Charleston", "Chesnee", "Columbia", "Conway", "Dillon County", "Eastover", "Eutawville", "Florence", "Fort Jackson", "Gaffney", "Greenville", "Greenwood", "Greer", "Hardeeville", "Hilton Head Island", "Horry County", "Kershaw", "Lugoff", "Lynchburg", "Myrtle Beach", "New Ellenton", "North Charleston", "Orangeburg", "Orangeburg County", "Pageland", "Pinewood", "Rembert", "Richland", "Richland County", "Seneca", "Simpsonville", "Spartanburg", "Sumter", "Sumter County", "Taylor's Grove", "Travelers Rest", "Walterboro", "Waterboro", "West Columbia", "Westminster"]}, {"state": "South Dakota", "cities": ["Eagle Butte", "Pierre", "Sioux Falls", "Sisseton"]}, {"state": "Tennessee", "cities": ["Alcoa", "Antioch", "Apison", "Ashland City", "Bartlett", "Bradley County", "Chattanooga", "Clarksville", "Cleveland", "Decatur", "Franklin", "Graysville", "Harrison", "Hendersonville", "Jackson", "Johnson City", "Knoxville", "Lebanon", "McMinnville", "Memphis", "Mountain City", "Murfreesboro", "Nashville", "Oak Ridge", "Paris", "Red Bank", "Sevierville", "Shelby County", "Shelbyville", "South Pittsburg", "Sparta", "Strawberry Plains", "The Great Smoky Mountains National Park", "Union City", "White Bluff"]}, {"state": "Texas", "cities": ["Amarillo", "Aquilla", "Arlington", "Athens", "Austin", "Baytown", "Ben Wheeler", "Bennington", "Big Spring", "Bloomington", "Bonham", "Boxelder", "Breckenridge", "Brownsville", "Bryan", "Burleson", "Cat Spring", "Catarina/Asherton", "Coldspring", "College Station", "Conroe", "Corpus Christi", "Creedmore", "Crockett", "Crystal City", "Daingerfield", "Dallas", "De Kalb", "Del Rio", "Del Valle", "Denton", "Desoto", "Dewees", "Diboll", "Dumas", "Eagle Pass", "Eastland", "El Paso", "Ennis", "Farmers Branch", "Fort Bend County", "Fort Worth", "Franklin", "Frisco", "Galveston", "Garland", "Georgetown", "Gilmer", "Goliad", "Grand Prairie", "Grand Saline", "Grandview", "Grapevine", "Hallsville", "Haltom City", "Hankamer", "Harlingen", "Henderson", "Hidalgo County", "Houston", "Irving", "Jacksonville", "Katy", "Keller", "Kilgore", "La Vernia", "LaJoya", "Lake Travis", "Lampasas", "Laredo", "Lewisville", "Lufkin", "Mabank", "Marshall", "Matagorda", "Mathis", "McAllen", "McKinney", "Meridian", "Mesquite", "Midland", "Navasota", "New Caney", "North Richland Hills", "Odessa", "Orange", "Palestine", "Pasadena", "Pecos", "Pinehurst", "Plano", "Port Arthur", "Port Lavaca", "Post", "Quitman", "Red Oak", "Rendon", "Richardson", "Rio Grande City", "Round Rock", "San Antonio", "San Benito", "San Leon", "San Marcos", "Seagoville", "Seguin", "Seven Points", "Sherman", "Shiner", "Silver Creek", "Splendora", "Spring", "Sugar Land", "Sulphur Springs", "Sunrise Cove", "Temple", "Texarkana", "Tunnis", "Tyler", "Vidor", "Waco", "Wichita Falls", "Winona", "from Fort Worth"]}, {"state": "Utah", "cities": ["Bountiful", "Canyon Rim", "Moab", "Murray", "Naples", "Ogden", "Park City", "Provo", "Salt Lake City", "Salt Lake County", "Snowville", "Spanish Fork", "Summit County", "Tooele", "Tooele County", "West Valley"]}, {"state": "Vermont", "cities": ["Brattleboro", "Brattleboro / Ludlow", "Burlington", "Essex", "Ferrisburg", "Wilder"]}, {"state": "Virginia", "cities": ["Accomack County", "Arlington County", "Buckingham County", "Cartersville", "Charlottesville", "Chesapeake City", "Chesterfield County", "Crimora", "Culpeper", "Franklin", "Galax", "Hampton", "Henrico", "Herndon", "Kenbridge", "King William County", "Lorton", "Manassas", "Newport News", "Norfolk", "Onancock", "Page County", "Portsmouth", "Reston", "Richmond", "Roanoke", "Roanoke City", "Salem", "Smyth County", "South Boston", "Suffolk", "Tangier Island", "Virginia Beach", "Williamsburg", "Winchester"]}, {"state": "Washington", "cities": ["Aberdeen", "Anacortes", "Arlington", "Auburn", "Bellevue", "Bellingham", "Bothell", "Bremerton", "Brinnon", "Brooklyn", "Burien", "Burlington", "Clallam County", "Clarkston", "Coupeville", "Cowlitz County", "Douglas County", "Ephrata", "Everett", "Federal Way", "Fort Lewis", "Graham", "Hoquiam", "Humptulips", "Ilwaco", "Island County", "King County", "Lacey", "Lakewood", "Longview", "Lynden", "Marysville", "Mason County", "McCleary", "Morton", "Nespelem", "Oak Harbor", "Olympia", "Omak", "Pierce County", "Port Angeles", "Port Orchard", "Port Townsend", "Puyallup", "Redmond", "Renton", "Rosburg", "Seattle", "Sequim", "Skagit County", "Snohomish", "Spokane", "Spokane County", "Spring Glen", "Stevens County", "Tacoma", "Tenino", "Thurston County", "Toppenish", "Tukwila", "Vancouver", "Wenatchee", "Westport", "Whidbey Island", "Winlock", "Yakima"]}, {"state": "West Virginia", "cities": ["Beckley", "Bluefield", "Buckhannon", "Charleston", "Clarksburg", "Cross Lanes", "Glasgow", "Greenbrier County", "Hurricane", "Mineral City", "Morgantown", "Moundsville", "Parkersburg", "Peterstown", "Preston County", "Quinwood", "Richwood", "Romney", "Shepherdstown", "Sistersville", "Wheeling"]}, {"state": "Wisconsin", "cities": ["Baldwin", "Beloit", "Burlington", "Campbellsport", "Carson", "Chilton", "Dane County", "Delavan", "Green Bay", "Helenville", "Holland", "Janesville", "Kenosha", "La Crosse", "Medford", "Menasha", "Mequon", "Milwaukee", "Muskego", "Paddock Lake", "Phillips", "Ridgeway", "Ripon", "St. Croix Falls", "Tomahawk", "West Allas"]}, {"state": "Wyoming", "cities": ["Buffalo", "Gillette", "Lander", "Riverton", "Rock Springs", "Yellowstone National Park"]}]